# Pi vector values, with each line containing one
# Enjoy!
0.5000000000,
0.3144473134,
0.1243694852,
0.0417861600,
0.0133085158,
0.0041806158,
0.0013100932,
0.0004104888,
0.0001286268,
