# Pi vector values, with each line containing one
# Enjoy!
0.2000000000,
0.1920000000,
0.1523200000,
0.1155072000,
0.0865157120,
0.0645739315,
0.0481484603,
0.0358906929,
0.0267513115,
