# Pi vector values, with each line containing one
# Enjoy!
0.2000000000,
0.2064592593,
0.1628752768,
0.1200533371,
0.0869217731,
0.0626531097,
0.0451132398,
0.0324763508,
0.0233781860,
