# Pi vector values, with each line containing one
# Enjoy!
0.4493289641,
0.3594631713,
0.1437852685,
0.0383427383,
0.0076685477,
0.0012269676,
0.0001635957,
0.0000186966,
0.0000018697,
