# Pi vector values, with each line containing one
# Enjoy!
0.2000000000,
0.1600000000,
0.1280000000,
0.1024000000,
0.0819200000,
0.0655360000,
0.0524288000,
0.0419430400,
0.0335544320,
