# Pi vector values, with each line containing one
# Enjoy!
0.4471544715,
0.3577235772,
0.1430894309,
0.0381571816,
0.0101752484,
0.0027133996,
0.0007235732,
0.0001929529,
0.0000514541,
